url,title,visit_count,last_visit_date,last_visit_human
https://maze.toys/mazes/mini/daily/,"Daily Mini on Maze Toys",1,1764448736037791,"2025-11-29 20:38:56"
https://theuselessweb.com/,"The Useless Web",1,1764448734033414,"2025-11-29 20:38:54"
https://www.google.com/search?client=ubuntu-sn&channel=fs&q=Internet+stuff,"Internet stuff - Google Search",1,1764448729578147,"2025-11-29 20:38:49"
https://www.wikipedia.org/,Wikipedia,1,1764448698372302,"2025-11-29 20:38:18"
https://www.reddit.com/,"Reddit - The heart of the internet",4,1764448692968178,"2025-11-29 20:38:12"
https://www.amazon.com/,"Amazon.com. Spend less. Smile more.",4,1764448650492862,"2025-11-29 20:37:30"
https://amazon.com/,,3,1764448650342430,"2025-11-29 20:37:30"
http://amazon.com/,,3,1764448650242606,"2025-11-29 20:37:30"
https://my.illinoisstate.edu/,"Home | My Illinois State",5,1764448634958370,"2025-11-29 20:37:14"
https://sso.illinoisstate.edu/idp/profile/SAML2/Redirect/SSO?execution=e1s3,,2,1764448633262925,"2025-11-29 20:37:13"
https://sso.illinoisstate.edu/idp/profile/SAML2/Redirect/SSO?execution=e1s2&_eventId_proceed=1,,2,1764448633222563,"2025-11-29 20:37:13"
https://login.microsoftonline.com/085f983a-0b69-4270-b71d-10695076bafe/reprocess?ctx=rQQIARAA42Kw0skoKSkottLXLy7O18vMycnMy88sLi5JLEnVS00p1c9MKdAvzshMSsrPSS3JKBLiEsjj9sy968bhu0q3_1T2vbRdqxjtCBtRUJSflpmTqu9YWpKRpx_s6OtjpB_gHxyiHxzsf4hRMd7CzCTVMtnYwMzAKMnY1MIi2Sw5KdE82SjV2NzS1CDF-AIj4wtGxltMrMGJuTlGs5hZUg2LjTYxqxhYmKZZWhgn6hokmVnqmhiZG-gmmRum6BoamAH1mZslJaalXmDhecXCZMDxg4VxESvQAxoz7sbe-K3ltECkN8Rp_VOGU6z6oUEG2RUWjp6OjiYe4WGJ_sY-HrnhJW5hWYHa6b4lTkaFhsmlKa76wbkmBraGVoYT2HhPsTF8YGPsYGeYxc6wi5PCEDjAy_CD7_OsRW0fP3S_93jFr1Ne5J7inuyVnmcQaRrom16R7-pYHFgZEWVpnuit7-obleJVYeyobxjm5-xru0GA4QEQCTL8EGQAAA2&sessionid=00aa9fc9-c4f3-82ab-e955-af7edb4e82ee,Working...,1,1764448632973553,"2025-11-29 20:37:12"
https://login.microsoftonline.com/085f983a-0b69-4270-b71d-10695076bafe/saml2?SAMLRequest=hZLLbtswEEV%2FReBeIkXFehCWAzdGUQNpY0RKF90UFDWOCVCky6HS9u%2FL%2BFGkm3Q9d87M3DvL21%2BTSV7Ao3a2JXnGSAJWuVHb55Y89R%2FTmtyulignw49iPYeDfYQfM2BIYqNFca60ZPZWOIkahZUToAhKdOvP94JnTBy9C045Q5I1IvgQR905i%2FMEvgP%2FohU8Pd635BDCEQWliC7TxmjrNGKQATIYZ6rHI42gvTZAT3vQVz6nu4eup133QJJN3EpbGU6XXGHGPWubTVp5h24fnI1cyJSbKKsX%2B6YuZMqGsklveMXSocrHNGdls2BVOcg90NN5JNluWvK9Lm%2BgUQUrGR%2BKRV2rUg2yUhyKKjaMRZQhzrC1cWkbWsIZX6R5nvKm50wUlWBV1jTlN5LsLoZ80PZs9HvuDWcRik99v0tfzyXJ12tgUUAu8YjTdP82l%2FfB8hoGWf3fejzoYXAGwmFJ3477%2BxtfIn%2B72Tmj1e9kbYz7eechEloS%2FAyEri59%2F37R6g8%3D&RelayState=e1s2,"Sign in to your account",1,1764448628372628,"2025-11-29 20:37:08"
https://sso.illinoisstate.edu/idp/profile/Authn/SAML2/POST/SSO/start?conversation=e1s2,,2,1764448628031860,"2025-11-29 20:37:08"
https://sso.illinoisstate.edu/idp/profile/SAML2/Redirect/SSO?execution=e1s2,,2,1764448628017713,"2025-11-29 20:37:08"
https://sso.illinoisstate.edu/idp/profile/SAML2/Redirect/SSO?execution=e1s1,"Central Login | Illinois State University - Loading Session Information",2,1764448627641507,"2025-11-29 20:37:07"
https://sso.illinoisstate.edu/idp/profile/SAML2/Redirect/SSO?SAMLRequest=jZFNS8QwEIb%2FSsl9mza7%2FQptobiXhRWhVQ%2FeYjplA21SM6novzetiCuIOKf54Hl5Z6ZEMY0zbxZ30S28LIAueJtGjXwbVGSxmhuBCrkWEyB3knfN7ZmzMOKzNc5IM5Ir5G9CIIJ1ymgSnI4VGYa8z%2BKo8AGFjEHkiWRpH8E%2BTxNgh4MUQ5w%2BJyR4BIseq4hX8SziAieNTmjnWxFLdnG8Y8U9i%2Fg%2B41H2RIKjX0Vp4Tbq4tyMnFJEE6pxVNoo9LSDEPqFqn6mfpdBjUBXq4y20CsL0tGuuyNB8%2BX6xmhcJrAd2Fcl4aE9f0tP778oC39Xup6FComkLteUb%2B5t%2FT%2BwpNfMZ%2FXzX%2FUH&RelayState=%2F&SigAlg=http%3A%2F%2Fwww.w3.org%2F2001%2F04%2Fxmldsig-more%23rsa-sha256&Signature=np61Y3LRsXYlr1Lv6ot6wfsc2U6aMC%2BBEg8sHGNEYOBaiaQbpvk7CYq%2BE2uhnac5mQBI0kaQOlviSCNTKU4ftqlkW51FXnYt2bUvUA6mvVJMNO3gR%2ByM%2FFjnahBmlT%2Bh5NechVvU7hPRe3247elk%2BkMGkQdSkWfYnVt7fR5OcM%2F1qzQo%2F3AqYFK07C5RVECqcoCUPNSAC79btpMfPKMiFVvTfg9fIk78dfLXI%2BdggzBMU72nDBWgq9Og1rRz3JqTvjqL4149I5PhE5xEVHnqsa%2FT33qpVhTIa8cDUwvX07hScFLwNGef7ACozIXM%2BhvUN4veJSxEBeFTjZbx04tvIA%3D%3D,,1,1764448627629167,"2025-11-29 20:37:07"
https://my.illinoisstate.edu/auth/saml,,2,1764448627564212,"2025-11-29 20:37:07"
https://my.illinoisstate.edu/auth,,2,1764448627515158,"2025-11-29 20:37:07"
https://outlook.office.com/mail/0/inbox/id/AAQkAGUyYTI2ODFiLWNkZWYtNDE5Ni04MTA4LThiOGU3ZDc4Y2M0YgAQAMb1jmQHxCZEg2uaEm9y79g%3D?culture=en-us&country=us,"Mail - Gollinger, Grant - Outlook",1,1764200667602677,"2025-11-26 23:44:27"
https://outlook.office.com/mail/,Outlook,1,1764200662305336,"2025-11-26 23:44:22"
https://outlook.office.com/mail/#,Outlook,1,1764200662252511,"2025-11-26 23:44:22"
https://outlook.office.com/mail/#code=1.AW4AOphfCGkLcEK3HRBpUHa6_iC_mZE_oQdBhdwCEUeH70heATNuAA.AgABBAIAAABlMNzVhAPUTrARzfQjWPtKAwDs_wUA9P_oHMtVpZXibySFzMaOnKO2XtwgRI6HUsyHAqscSYYsom9rs6OO5yRIy7FzDC_W8b8KjvFtCw-2nRnQbYBF_nWPGLRl2ETBcVr1mQZEvJRfAwRDoa6ho4F0sD30lhdiqfclV5BduRSCCP2sTJ6zewOpYt7VggUYvsCXezSfVNzQbvOSOY7l-0540LWXA87EvlJo5YF13DCu6sTefyeodyjM_z6I8zJSide1O8rIqsA9YRaxywusSYfhVOc64dyZFSTvi9jtBaqs9CBbww4pb54kM0hrVhdOIlnv1jRWZ_Bia9vSnkTLXiRViZyb3B3_F3iZ6hcWYH08vChexGk8AFJUTRnUFwob3_EcVifw8nR10YZ-03W-lMcuVzz_C8cFtAwdkLqlxLpacPKt4PsRd99qR00n8hBlQ7bO_1y9A0l-YIP4Ok2_UF9UOnHQ0QWR31pO5ygfPlqfzykr0j1xRt0y3e1WSRtBjbVO-Z794IkqK7Uo3KCn3PzCSwaMQp2_Hm4bPbcn_LmoEJ_Wxue8XjoLDKXIyvdhjs_OBrqJMLufodonrnLEIsIqvnsU8F3nZYDQSvZ3JFz6G3nLOqLzvTsAQQS3T43okRFM3hISUw8AOgLHZXecFdnlltwakEWmF6bBDoKmLq2b7pEvDPZ5NfMn1NB9-RL9ksMvEvls6aJPI-9hW5HMTcztxlv5ouatz5tUb_Lvm7Trxd9pRuUOmWyajL3QGBE0EQLzPMHVXRk8ixpjQS1XZckeflZlHje0cWaKlasoGBBya6lw6cRTAuxbkexPxL2H1cC7TxzeDjpBdhaXPY_5nsKMJ1UplhSTKd5PPI39DLddHAUOdpySsogDfEEMf8R7WjB5ztjP3bT9NkXi&client_info=eyJ1aWQiOiJjZmVmMGVhOS05YmNhLTQ4NjQtOTAwYi05NDA4YmIyMmFiNWUiLCJ1dGlkIjoiMDg1Zjk4M2EtMGI2OS00MjcwLWI3MWQtMTA2OTUwNzZiYWZlIn0&state=eyJpZCI6IjAxOWFjMjhkLWMyODYtNzIyYy04ODM2LTM1MWRhMDFlMmIxYiIsIm1ldGEiOnsiaW50ZXJhY3Rpb25UeXBlIjoicmVkaXJlY3QifX0%3d%7caHR0cHM6Ly9vdXRsb29rLm9mZmljZS5jb20vbWFpbC8wLz9jdWx0dXJlPWVuLXVzJmNvdW50cnk9dXM&session_state=00abd849-3786-088c-6f85-8fafbfd95a8e,Outlook,1,1764200661911269,"2025-11-26 23:44:21"
https://login.microsoftonline.com/organizations/oauth2/v2.0/authorize?client_id=9199bf20-a13f-4107-85dc-02114787ef48&scope=https%3A%2F%2Foutlook.office.com%2F.default%20openid%20profile%20offline_access&redirect_uri=https%3A%2F%2Foutlook.office.com%2Fmail%2F&client-request-id=cae27d7c-1801-2906-5e63-3804f6275307&response_mode=fragment&client_info=1&login_hint=O.CiRjZmVmMGVhOS05YmNhLTQ4NjQtOTAwYi05NDA4YmIyMmFiNWUSJDA4NWY5ODNhLTBiNjktNDI3MC1iNzFkLTEwNjk1MDc2YmFmZRoRZ2Rnb2xsaUBpbHN0dS5lZHUgSQ%3D%3D&X-AnchorMailbox=UPN%3AO.CiRjZmVmMGVhOS05YmNhLTQ4NjQtOTAwYi05NDA4YmIyMmFiNWUSJDA4NWY5ODNhLTBiNjktNDI3MC1iNzFkLTEwNjk1MDc2YmFmZRoRZ2Rnb2xsaUBpbHN0dS5lZHUgSQ%3D%3D&nonce=019ac28d-c286-7968-884a-252f9065dfbc&state=eyJpZCI6IjAxOWFjMjhkLWMyODYtNzIyYy04ODM2LTM1MWRhMDFlMmIxYiIsIm1ldGEiOnsiaW50ZXJhY3Rpb25UeXBlIjoicmVkaXJlY3QifX0%3D%7CaHR0cHM6Ly9vdXRsb29rLm9mZmljZS5jb20vbWFpbC8wLz9jdWx0dXJlPWVuLXVzJmNvdW50cnk9dXM&claims=%7B%22access_token%22%3A%7B%22xms_cc%22%3A%7B%22values%22%3A%5B%22CP1%22%5D%7D%7D%7D&x-client-SKU=msal.js.browser&x-client-VER=4.26.0&response_type=code&code_challenge=yzzOkKoeJGOu_NvSmOJRuLtUwNbIp5Pa0tDBcJXMGK4&code_challenge_method=S256,,1,1764200661772346,"2025-11-26 23:44:21"
https://outlook.office.com/mail/0/?culture=en-us&country=us&login_hint=O.CiRjZmVmMGVhOS05YmNhLTQ4NjQtOTAwYi05NDA4YmIyMmFiNWUSJDA4NWY5ODNhLTBiNjktNDI3MC1iNzFkLTEwNjk1MDc2YmFmZRoRZ2Rnb2xsaUBpbHN0dS5lZHUgSQ%3D%3D,Outlook,1,1764200660604639,"2025-11-26 23:44:20"
https://outlook.live.com/mail/0/?culture=en-us&country=us,Outlook,1,1764200659858670,"2025-11-26 23:44:19"
https://outlook.live.com/mail/0/,Outlook,1,1764200659754295,"2025-11-26 23:44:19"
https://outlook.live.com/mail/0/#,Outlook,1,1764200659731531,"2025-11-26 23:44:19"
https://outlook.live.com/mail/0/#code=1.AW4AOphfCGkLcEK3HRBpUHa6_iC_mZE_oQdBhdwCEUeH70heATNuAA.AgABBAIAAABlMNzVhAPUTrARzfQjWPtKAwDs_wUA9P_7UvJTPJMZY0GV-LWdDQuLjr_FDZAyCankjCB4mhjiUkJfWmx6viUfwudXgEsNqxhen13lgs6sB5soJBzIgmaH4yrjp2UZ_2n8PkJisTxoA8INoLe5JSUSAmlXPr9vgZiL8tV6TXEPpjaQB9VoOH6lD6bu6pabu2xYwwcsAP7-3-GIaAqKLW64QAKXei2mr15NhwHJdL6n1oXIRA0TMehPm-gg8NLEMFbfFElGP97hkB2nYlpPvC14DOc1yAI9lJPlSWrdBoza8OoOZxBEopbMNs7D-8A2GKLV8ECVK5QZT9K7y7BS2xZYK25H1wqOEnuHoY5z0e_5DwYG5BoQ0HDnxMZaGIwQea6t1dURubK1LS5PKRLjjAhw0Bo705UhRMUaSXSaclgTwRXYnqbMtiOhVjKUcB79Shfaop8UkbEA5DsCj0bQu0u1nfgr7O6jn-RCBERV_pmouayonoGusim539h51Arac5VqBm-9NSJxBF6A1za-BPyyGCgFWLuECGMzpvnMVbeV3uLPBxFlPc1NJOqTUea1D2Lu_RIqRNZG2bkaiNu1yY0dBQYXinYmeCLqAhdzAocjqRaMTnBfHWgTJMrmfwPMcJ18drPQ5m5KaXs_2cjKOOhgiJm1oRtiGdjodVB3p2Nu-jd58jPC5H4HdHHPLTrS6QTW0IRYMJrJClucVvbf1KvHTFWBfj_gPPkwTt-J_wzE2S0vuXR1JiLHr53iCh0gt_GvNBn1SlCrmBNKLNlqaQE6xxaiXGdypaBG1pffNabgm1xFBbJTw2CterqYSoR6tMSi88hAc4vXXgYgIu1z4Fxg5A6r1VGIP0BAKISa-OKG1ZO1Ryij9ndYeWWjcy85cTs_oyxMPlO_-ZbRn_s&client_info=eyJ1aWQiOiJjZmVmMGVhOS05YmNhLTQ4NjQtOTAwYi05NDA4YmIyMmFiNWUiLCJ1dGlkIjoiMDg1Zjk4M2EtMGI2OS00MjcwLWI3MWQtMTA2OTUwNzZiYWZlIn0&state=eyJpZCI6IjAxOWFjMjhkLTMxMGQtNzQzYS04OGM5LTExZWZjOTViMjk4ZSIsIm1ldGEiOnsiaW50ZXJhY3Rpb25UeXBlIjoicmVkaXJlY3QifX0%3d%7caHR0cHM6Ly9vdXRsb29rLmxpdmUuY29tL21haWwvMC8_Y3VsdHVyZT1lbi11cyZjb3VudHJ5PXVz&session_state=00abd849-3786-088c-6f85-8fafbfd95a8e,Outlook,1,1764200659279582,"2025-11-26 23:44:19"
https://outlook.live.com/mail/#code=1.AW4AOphfCGkLcEK3HRBpUHa6_iC_mZE_oQdBhdwCEUeH70heATNuAA.AgABBAIAAABlMNzVhAPUTrARzfQjWPtKAwDs_wUA9P_7UvJTPJMZY0GV-LWdDQuLjr_FDZAyCankjCB4mhjiUkJfWmx6viUfwudXgEsNqxhen13lgs6sB5soJBzIgmaH4yrjp2UZ_2n8PkJisTxoA8INoLe5JSUSAmlXPr9vgZiL8tV6TXEPpjaQB9VoOH6lD6bu6pabu2xYwwcsAP7-3-GIaAqKLW64QAKXei2mr15NhwHJdL6n1oXIRA0TMehPm-gg8NLEMFbfFElGP97hkB2nYlpPvC14DOc1yAI9lJPlSWrdBoza8OoOZxBEopbMNs7D-8A2GKLV8ECVK5QZT9K7y7BS2xZYK25H1wqOEnuHoY5z0e_5DwYG5BoQ0HDnxMZaGIwQea6t1dURubK1LS5PKRLjjAhw0Bo705UhRMUaSXSaclgTwRXYnqbMtiOhVjKUcB79Shfaop8UkbEA5DsCj0bQu0u1nfgr7O6jn-RCBERV_pmouayonoGusim539h51Arac5VqBm-9NSJxBF6A1za-BPyyGCgFWLuECGMzpvnMVbeV3uLPBxFlPc1NJOqTUea1D2Lu_RIqRNZG2bkaiNu1yY0dBQYXinYmeCLqAhdzAocjqRaMTnBfHWgTJMrmfwPMcJ18drPQ5m5KaXs_2cjKOOhgiJm1oRtiGdjodVB3p2Nu-jd58jPC5H4HdHHPLTrS6QTW0IRYMJrJClucVvbf1KvHTFWBfj_gPPkwTt-J_wzE2S0vuXR1JiLHr53iCh0gt_GvNBn1SlCrmBNKLNlqaQE6xxaiXGdypaBG1pffNabgm1xFBbJTw2CterqYSoR6tMSi88hAc4vXXgYgIu1z4Fxg5A6r1VGIP0BAKISa-OKG1ZO1Ryij9ndYeWWjcy85cTs_oyxMPlO_-ZbRn_s&client_info=eyJ1aWQiOiJjZmVmMGVhOS05YmNhLTQ4NjQtOTAwYi05NDA4YmIyMmFiNWUiLCJ1dGlkIjoiMDg1Zjk4M2EtMGI2OS00MjcwLWI3MWQtMTA2OTUwNzZiYWZlIn0&state=eyJpZCI6IjAxOWFjMjhkLTMxMGQtNzQzYS04OGM5LTExZWZjOTViMjk4ZSIsIm1ldGEiOnsiaW50ZXJhY3Rpb25UeXBlIjoicmVkaXJlY3QifX0%3d%7caHR0cHM6Ly9vdXRsb29rLmxpdmUuY29tL21haWwvMC8_Y3VsdHVyZT1lbi11cyZjb3VudHJ5PXVz&session_state=00abd849-3786-088c-6f85-8fafbfd95a8e,,1,1764200659060147,"2025-11-26 23:44:19"
"https://login.microsoftonline.com/common/oauth2/v2.0/authorize?client_id=9199bf20-a13f-4107-85dc-02114787ef48&scope=https%3A%2F%2Foutlook.office.com%2F.default%20openid%20profile%20offline_access&redirect_uri=https%3A%2F%2Foutlook.live.com%2Fmail%2F&client-request-id=6b8bcbfb-afc4-f914-c37e-62df2ca7de96&response_mode=fragment&client_info=1&prompt=select_account&nonce=019ac28d-310d-75b2-ac25-9c568707c4ed&state=eyJpZCI6IjAxOWFjMjhkLTMxMGQtNzQzYS04OGM5LTExZWZjOTViMjk4ZSIsIm1ldGEiOnsiaW50ZXJhY3Rpb25UeXBlIjoicmVkaXJlY3QifX0%3D%7CaHR0cHM6Ly9vdXRsb29rLmxpdmUuY29tL21haWwvMC8_Y3VsdHVyZT1lbi11cyZjb3VudHJ5PXVz&claims=%7B%22access_token%22%3A%7B%22xms_cc%22%3A%7B%22values%22%3A%5B%22CP1%22%5D%7D%7D%7D&x-client-SKU=msal.js.browser&x-client-VER=4.26.0&response_type=code&code_challenge=kFGbyGvrRPbkuoecV6pe9bBrYvh9ByVlipGGXHpMILQ&code_challenge_method=S256&cobrandid=ab0455a0-8d03-46b9-b18b-df2f57b9e44c&fl=dob,flname,wld","Sign in to your account",1,1764200624642987,"2025-11-26 23:43:44"
https://outlook.live.com/mail/0/?prompt=select_account&culture=en-us&country=us,Outlook,1,1764200623762753,"2025-11-26 23:43:43"
https://outlook.live.com/mail/?prompt=select_account&culture=en-us&country=us,,1,1764200623718374,"2025-11-26 23:43:43"
https://go.microsoft.com/fwlink/p/?LinkID=2125442&clcid=0x409&culture=en-us&country=us,,1,1764200623512542,"2025-11-26 23:43:43"
https://www.microsoft.com/en-us/microsoft-365/outlook/log-in,"Outlook Log In | Microsoft 365",1,1764200621117447,"2025-11-26 23:43:41"
https://www.google.com/search?client=ubuntu-sn&channel=fs&q=outlook+login,"outlook login - Google Search",1,1764200616387659,"2025-11-26 23:43:36"
https://www.rd.com/list/cute-kittens/,"50 Cute Kittens You Need to See: the Most Adorable Kittens Ever",1,1764197599991558,"2025-11-26 22:53:19"
https://www.google.com/url?sa=i&url=https%3A%2F%2Fwww.rd.com%2Flist%2Fcute-kittens%2F&psig=AOvVaw0H-LNM1H_dthi4Qf5w-wa4&ust=1764283996509000&source=images&cd=vfe&opi=89978449&ved=0CBMQjRxqFwoTCNC--pj0kJEDFQAAAAAdAAAAABAE,,1,1764197599910547,"2025-11-26 22:53:19"
https://www.google.com/search?client=ubuntu-sn&channel=fs&q=cute+kitties#vhid=rh_k8u2bZXPDBM&vssid=_2oQnac3TFcz_ptQPwLid6AM_47,"cute kitties - Google Search",1,1764197597556086,"2025-11-26 22:53:17"
https://www.google.com/search?client=ubuntu-sn&channel=fs&q=cute+kitties,"cute kitties - Google Search",1,1764197594405581,"2025-11-26 22:53:14"
https://www.google.com/search?client=ubuntu-sn&channel=fs&q=this+is+a+test,"this is a test - Google Search",1,1764197561703862,"2025-11-26 22:52:41"
https://www.google.com/search?client=ubuntu-sn&channel=fs&q=igital+forensics,"igital forensics - Google Search",1,1764197551314791,"2025-11-26 22:52:31"
https://www.google.com/search?client=ubuntu-sn&channel=fs&q=forensics+tool,"forensics tool - Google Search",1,1764197546501129,"2025-11-26 22:52:26"
https://www.google.com/search?client=ubuntu-sn&channel=fs&q=amazon,"amazon - Google Search",1,1764197541881808,"2025-11-26 22:52:21"
https://www.google.com/search?client=ubuntu-sn&channel=fs&q=youtube,"youtube - Google Search",1,1764197539019412,"2025-11-26 22:52:19"
https://www.google.com/search?q=safari&sca_esv=7cb5a2c0938f91b5&sxsrf=AE3TifN30CvYHeYEzLt7LJFRfkjoYq7TgA%3A1764197529346&source=hp&ei=mYQnaZT-EujkwN4P48nS2Qs&iflsig=AOw8s4IAAAAAaSeSqWpBskzUUUdFvPbOD2RNmDKWmbVp&ved=0ahUKEwjUrrH485CRAxVoMtAFHeOkNLsQ4dUDCCw&uact=5&oq=safari&gs_lp=Egdnd3Mtd2l6IgZzYWZhcmkyCxAAGIAEGLEDGMkDMggQABiABBixAzIOEC4YgAQYsQMY0QMYxwEyCBAAGIAEGLEDMgsQLhiABBjHARivATIFEAAYgAQyCBAAGIAEGLEDMgsQABiABBixAxiDATIFEAAYgAQyCxAAGIAEGJIDGIoFSJMIUABY-AVwAHgAkAEAmAFIoAGCA6oBATa4AQPIAQD4AQGYAgagArYDwgIOEAAYgAQYsQMYgwEYigXCAgsQLhiABBixAxiDAcICCxAuGIAEGNEDGMcBwgIREC4YgAQYsQMY0QMYgwEYxwHCAg4QLhiABBixAxiDARiKBcICCBAuGIAEGLEDwgIUEC4YgAQYsQMYgwEYxwEYigUYrwHCAg4QLhiABBiSAxjHARivAZgDAJIHATagB41YsgcBNrgHtgPCBwUyLTUuMcgHKA&sclient=gws-wiz,"safari - Google Search",1,1764197532524064,"2025-11-26 22:52:12"
https://www.google.com/?zx=1764197530237&no_sw_cr=1,Google,1,1764197530255910,"2025-11-26 22:52:10"
https://www.google.com/,Google,5,1764197529430512,"2025-11-26 22:52:09"
https://chatgpt.com/g/g-p-690a470b316c8191a36b5a41fca7902a-it-360/c/690cd672-1b7c-8329-8637-e2ee38ba2cb5,"IT 360 - Bash script for forensics",1,1764195720650859,"2025-11-26 22:22:00"
https://chatgpt.com/g/g-p-690a470b316c8191a36b5a41fca7902a-it-360/project,"ChatGPT - IT 360",1,1764195718330364,"2025-11-26 22:21:58"
https://chatgpt.com/?utm_source=google&utm_medium=paidsearch_brand&utm_campaign=GOOG_C_SEM_GBR_Core_CHT_BAU_ACQ_PER_MIX_ALL_NAMER_US_EN_091724&utm_term=chatgpt&utm_content=169187630042&utm_ad=713941893301&utm_match=e&gad_source=1&gad_campaignid=21714513245&gclid=EAIaIQobChMIrarK7-yQkQMViC7UAR25-Bw2EAAYASAAEgLEA_D_BwE,ChatGPT,2,1764195709634056,"2025-11-26 22:21:49"
https://chatgpt.com/api/auth/callback/openai?code=ac_dkZ3HFRII0DIji9vmCs35e0ex-Y0Wt_fcxo8kPyWeVc.Im-csVrorW92w3T-PZfyNBT-lwMON4dJIp-L50uPCjY&scope=openid+email+profile+offline_access+model.request+model.read+organization.read+organization.write&state=8ykulrYRLSgq-N-dNC-BhiX58hOU88L53PlogY3yejk,,1,1764195709499241,"2025-11-26 22:21:49"
https://auth.openai.com/api/accounts/callback/google?state=e874d064-b949-4fb6-83a1-dcf24745817f&code=4%2F0Ab32j92xpsBv3t54cpUIeov5NPyD2rIZsEuIIBjFSwFbWIUVxoPaO_uK4-4V0M0MxgbOww&scope=email+profile+https%3A%2F%2Fwww.googleapis.com%2Fauth%2Fuserinfo.profile+openid+https%3A%2F%2Fwww.googleapis.com%2Fauth%2Fuserinfo.email&authuser=0&prompt=none,,1,1764195706659206,"2025-11-26 22:21:46"
https://accounts.google.com/signin/oauth/consent?authuser=0&part=AJi8hAM0eCuaUs5ODvmturbiN3wp11nszOCDP2ZIMHhV8OyMfiZJQ8BvVNLcWfFnvzg39ry3wxt4XIBGsRp76jX4Vquz8ZN6DY6JYhUn7xhE7xBNe6MsPP9N3FpFAQ2toiWmIoZe2-8BE-XA-BMj6JaP-W9se3ZP5j-upnfYkM6nBqtmuvCiN6dNyL9GvvppewCg-XGNZBUmH5aBe_b8PR05LZTe43RDq7RTpPUqVrScavAbFeD3_063-eeHaV_fxRZV4ZDLI2kz4g1UwlOdzT94mn-qnLOzxrwalWcZ7XdKZj9HlFMutoKl85tVMz10MGqQQ6x67ffPNHYQnEgNlx8MIhP9hf4hThcemxCQklP0F9IPyO5GyLtbUN4_Ejm3_JvZ218MFIrAu0yePpKAExoII1S4dtzIHH_ek0QabHh9y7B9ip5VSlbyY9M_CKBRVhfg12b7DR5aDNk751Tg7wfEKQ0qdSq8Kw&flowName=GeneralOAuthFlow&as=S740196442:1764195668462135&client_id=799222349882-ne3i0s9jdm5s0p7ll2d7tlsi1vc1halt.apps.googleusercontent.com&requestPath=/signin/oauth/consent&rapt=AEjHL4OIufkLY9ccKWqyj11jFgJK8EWbKA6Az049Tx-AhH10t0ymjaPszKZG5LOgbGMll2NU2bt5ygm8iQvqnEfckHQYw3emACpjE3NJIKe57ibGJtYUccU#,,1,1764195706022937,"2025-11-26 22:21:46"
https://accounts.youtube.com/accounts/SetSID,Redirecting,1,1764195705747393,"2025-11-26 22:21:45"
https://accounts.google.com/CheckCookie?continue=https://accounts.google.com/signin/oauth/consent?authuser%3Dunknown%26part%3DAJi8hAM0eCuaUs5ODvmturbiN3wp11nszOCDP2ZIMHhV8OyMfiZJQ8BvVNLcWfFnvzg39ry3wxt4XIBGsRp76jX4Vquz8ZN6DY6JYhUn7xhE7xBNe6MsPP9N3FpFAQ2toiWmIoZe2-8BE-XA-BMj6JaP-W9se3ZP5j-upnfYkM6nBqtmuvCiN6dNyL9GvvppewCg-XGNZBUmH5aBe_b8PR05LZTe43RDq7RTpPUqVrScavAbFeD3_063-eeHaV_fxRZV4ZDLI2kz4g1UwlOdzT94mn-qnLOzxrwalWcZ7XdKZj9HlFMutoKl85tVMz10MGqQQ6x67ffPNHYQnEgNlx8MIhP9hf4hThcemxCQklP0F9IPyO5GyLtbUN4_Ejm3_JvZ218MFIrAu0yePpKAExoII1S4dtzIHH_ek0QabHh9y7B9ip5VSlbyY9M_CKBRVhfg12b7DR5aDNk751Tg7wfEKQ0qdSq8Kw%26flowName%3DGeneralOAuthFlow%26as%3DS740196442:1764195668462135%26client_id%3D799222349882-ne3i0s9jdm5s0p7ll2d7tlsi1vc1halt.apps.googleusercontent.com%26requestPath%3D/signin/oauth/consent%26rapt%3DAEjHL4OIufkLY9ccKWqyj11jFgJK8EWbKA6Az049Tx-AhH10t0ymjaPszKZG5LOgbGMll2NU2bt5ygm8iQvqnEfckHQYw3emACpjE3NJIKe57ibGJtYUccU%23&service=lso&checkedDomains=youtube&checkConnection=youtube:121&pstMsg=1&rart=ANgoxcdEjtenhKV7XPV_tvTvGL2awfX5OTVKcHHKiu_pPrg1Xi9ZRfmT7CxOcjTqxQjd-83V19BdGP1k1j3vX4hfjCxhWXxbxvECMDeQwvEZv1aNYHBPr6E&flowName=GeneralOAuthFlow&client_id=799222349882-ne3i0s9jdm5s0p7ll2d7tlsi1vc1halt.apps.googleusercontent.com&redirect_uri=https://auth.openai.com/api/accounts/callback/google&scope=openid+profile+email&o2v=2&chtml=LoginDoneHtml&gidl=EgIIAA,,1,1764195705575556,"2025-11-26 22:21:45"
https://accounts.google.com/v3/signin/challenge/pwd?TL=ANzgctS6IhYNJZyov-rS0G_IPy6KbfUKiz7n2hsuXyqxlojtUEEBkILpTt05jq9T&app_domain=https%3A%2F%2Fauth.openai.com&checkConnection=youtube%3A121&checkedDomains=youtube&cid=3&client_id=799222349882-ne3i0s9jdm5s0p7ll2d7tlsi1vc1halt.apps.googleusercontent.com&continue=https%3A%2F%2Faccounts.google.com%2Fsignin%2Foauth%2Fconsent%3Fauthuser%3Dunknown%26part%3DAJi8hAM0eCuaUs5ODvmturbiN3wp11nszOCDP2ZIMHhV8OyMfiZJQ8BvVNLcWfFnvzg39ry3wxt4XIBGsRp76jX4Vquz8ZN6DY6JYhUn7xhE7xBNe6MsPP9N3FpFAQ2toiWmIoZe2-8BE-XA-BMj6JaP-W9se3ZP5j-upnfYkM6nBqtmuvCiN6dNyL9GvvppewCg-XGNZBUmH5aBe_b8PR05LZTe43RDq7RTpPUqVrScavAbFeD3_063-eeHaV_fxRZV4ZDLI2kz4g1UwlOdzT94mn-qnLOzxrwalWcZ7XdKZj9HlFMutoKl85tVMz10MGqQQ6x67ffPNHYQnEgNlx8MIhP9hf4hThcemxCQklP0F9IPyO5GyLtbUN4_Ejm3_JvZ218MFIrAu0yePpKAExoII1S4dtzIHH_ek0QabHh9y7B9ip5VSlbyY9M_CKBRVhfg12b7DR5aDNk751Tg7wfEKQ0qdSq8Kw%26flowName%3DGeneralOAuthFlow%26as%3DS740196442%253A1764195668462135%26client_id%3D799222349882-ne3i0s9jdm5s0p7ll2d7tlsi1vc1halt.apps.googleusercontent.com%26requestPath%3D%252Fsignin%252Foauth%252Fconsent%23&dsh=S740196442%3A1764195668462135&flowName=GeneralOAuthFlow&login_hint=chatgptisawesome67%40gmail.com&nonce=TMHg5NrYI5hCmai8JTLP&o2v=2&opparams=%253Faudience%253D799222349882-ne3i0s9jdm5s0p7ll2d7tlsi1vc1halt.apps.googleusercontent.com&pstMsg=1&rart=ANgoxcdEjtenhKV7XPV_tvTvGL2awfX5OTVKcHHKiu_pPrg1Xi9ZRfmT7CxOcjTqxQjd-83V19BdGP1k1j3vX4hfjCxhWXxbxvECMDeQwvEZv1aNYHBPr6E&redirect_uri=https%3A%2F%2Fauth.openai.com%2Fapi%2Faccounts%2Fcallback%2Fgoogle&response_type=code&scope=openid%20profile%20email&service=lso&state=e874d064-b949-4fb6-83a1-dcf24745817f,Welcome,1,1764195672926692,"2025-11-26 22:21:12"
https://accounts.google.com/v3/signin/identifier?opparams=%253Faudience%253D799222349882-ne3i0s9jdm5s0p7ll2d7tlsi1vc1halt.apps.googleusercontent.com&dsh=S740196442%3A1764195668462135&client_id=799222349882-ne3i0s9jdm5s0p7ll2d7tlsi1vc1halt.apps.googleusercontent.com&login_hint=chatgptisawesome67%40gmail.com&nonce=TMHg5NrYI5hCmai8JTLP&o2v=2&redirect_uri=https%3A%2F%2Fauth.openai.com%2Fapi%2Faccounts%2Fcallback%2Fgoogle&response_type=code&scope=openid+profile+email&service=lso&state=e874d064-b949-4fb6-83a1-dcf24745817f&flowName=GeneralOAuthFlow&continue=https%3A%2F%2Faccounts.google.com%2Fsignin%2Foauth%2Fconsent%3Fauthuser%3Dunknown%26part%3DAJi8hAM0eCuaUs5ODvmturbiN3wp11nszOCDP2ZIMHhV8OyMfiZJQ8BvVNLcWfFnvzg39ry3wxt4XIBGsRp76jX4Vquz8ZN6DY6JYhUn7xhE7xBNe6MsPP9N3FpFAQ2toiWmIoZe2-8BE-XA-BMj6JaP-W9se3ZP5j-upnfYkM6nBqtmuvCiN6dNyL9GvvppewCg-XGNZBUmH5aBe_b8PR05LZTe43RDq7RTpPUqVrScavAbFeD3_063-eeHaV_fxRZV4ZDLI2kz4g1UwlOdzT94mn-qnLOzxrwalWcZ7XdKZj9HlFMutoKl85tVMz10MGqQQ6x67ffPNHYQnEgNlx8MIhP9hf4hThcemxCQklP0F9IPyO5GyLtbUN4_Ejm3_JvZ218MFIrAu0yePpKAExoII1S4dtzIHH_ek0QabHh9y7B9ip5VSlbyY9M_CKBRVhfg12b7DR5aDNk751Tg7wfEKQ0qdSq8Kw%26flowName%3DGeneralOAuthFlow%26as%3DS740196442%253A1764195668462135%26client_id%3D799222349882-ne3i0s9jdm5s0p7ll2d7tlsi1vc1halt.apps.googleusercontent.com%26requestPath%3D%252Fsignin%252Foauth%252Fconsent%23&app_domain=https%3A%2F%2Fauth.openai.com&rart=ANgoxcdEjtenhKV7XPV_tvTvGL2awfX5OTVKcHHKiu_pPrg1Xi9ZRfmT7CxOcjTqxQjd-83V19BdGP1k1j3vX4hfjCxhWXxbxvECMDeQwvEZv1aNYHBPr6E,"Sign in - Google Accounts",1,1764195668658684,"2025-11-26 22:21:08"
https://accounts.google.com/o/oauth2/v2/auth?response_type=code&client_id=799222349882-ne3i0s9jdm5s0p7ll2d7tlsi1vc1halt.apps.googleusercontent.com&redirect_uri=https%3A%2F%2Fauth.openai.com%2Fapi%2Faccounts%2Fcallback%2Fgoogle&scope=openid+profile+email&state=e874d064-b949-4fb6-83a1-dcf24745817f&audience=799222349882-ne3i0s9jdm5s0p7ll2d7tlsi1vc1halt.apps.googleusercontent.com&login_hint=chatgptisawesome67%40gmail.com&nonce=TMHg5NrYI5hCmai8JTLP,,1,1764195668529276,"2025-11-26 22:21:08"
https://auth.openai.com/api/accounts/authorize?client_id=app_X8zY6vW2pQ9tR3dE7nK1jL5gH&scope=openid%20email%20profile%20offline_access%20model.request%20model.read%20organization.read%20organization.write&response_type=code&redirect_uri=https%3A%2F%2Fchatgpt.com%2Fapi%2Fauth%2Fcallback%2Fopenai&audience=https%3A%2F%2Fapi.openai.com%2Fv1&device_id=0a1cd193-0aaf-4678-b7ea-998e6e57871a&prompt=login&ext-oai-did=0a1cd193-0aaf-4678-b7ea-998e6e57871a&auth_session_logging_id=08c4a21f-85f9-478e-8e3d-b58a8ea4077b&screen_hint=login_or_signup&login_hint=chatgptisawesome67%40gmail.com&state=8ykulrYRLSgq-N-dNC-BhiX58hOU88L53PlogY3yejk,,1,1764195668372837,"2025-11-26 22:21:08"
https://www.google.com/aclk?sa=L&ai=DChsSEwitqsrv7JCRAxWILtQBHbn4HDYYACICCAEQABoCb2E&co=1&gclid=EAIaIQobChMIrarK7-yQkQMViC7UAR25-Bw2EAAYASAAEgLEA_D_BwE&cid=CAASuwHkaLJU2RUU1zc0R9enkFErWungS8A7Wf8quvFBWd86iTK6W_zQ3DDR-CfTm2DvjqWKi2OXUkBGbR24ZxjzoNvXTuPOCfFFN0U4HzPdWu_qcFoJeot3tMnVxFeuzZnE1s487MUjlNPllGUW5UObDVcMGH0Q0lOLQsEaHtYc7HPqeDHPYMtuoX__wbECiTeds3LhTkM5FHgJgLg2np2r2tmg3JDbNMHUcpBCY5A-InsOByiUpywK1g5yp5hZ&cce=2&sig=AOD64_3Ir0MTJgQ0qhyXVCAI8-0gO9r0Tg&q&adurl&ved=2ahUKEwiawcXv7JCRAxXzN94AHeEwPe8Q0Qx6BAgLEAE&nis=8&ch=1,,1,1764195634123205,"2025-11-26 22:20:34"
https://www.google.com/search?client=ubuntu-sn&channel=fs&q=chatgpt,"chatgpt - Google Search",1,1764195631789333,"2025-11-26 22:20:31"
https://reddit.com/,,3,1763645172934251,"2025-11-20 13:26:12"
http://reddit.com/,,3,1763645172905374,"2025-11-20 13:26:12"
https://www.espn.com/,"ESPN - Serving Sports Fans. Anytime. Anywhere.",1,1763645154807606,"2025-11-20 13:25:54"
https://espn.com/,,1,1763645154709012,"2025-11-20 13:25:54"
http://espn.com/,,1,1763645154621254,"2025-11-20 13:25:54"
https://www.hulu.com/welcome,"Stream TV and Movies Live and Online | Hulu",1,1763645149294375,"2025-11-20 13:25:49"
https://www.hulu.com/,,1,1763645148747599,"2025-11-20 13:25:48"
http://www.hulu.com/,,1,1763645148609750,"2025-11-20 13:25:48"
https://hulu.com/,,1,1763645148607572,"2025-11-20 13:25:48"
http://hulu.com/,,1,1763645148578070,"2025-11-20 13:25:48"
https://www.netflix.com/,"Netflix - Watch TV Shows Online, Watch Movies Online",1,1763645142854364,"2025-11-20 13:25:42"
https://netflix.com/,,1,1763645142539696,"2025-11-20 13:25:42"
http://netflix.com/,,1,1763645142353783,"2025-11-20 13:25:42"
"https://www.youtube.com/,,2,1763490697068725","404 Not Found",1,1763490927116270,"2025-11-18 18:35:27"
"https://youtube.com/,,2,1763490697068725",,1,1763490926242869,"2025-11-18 18:35:26"
https://www.google.com/search?client=ubuntu-sn&channel=fs&q=nfl+news,"nfl news - Google Search",1,1763490715746875,"2025-11-18 18:31:55"
https://www.youtube.com/,YouTube,3,1763490697192743,"2025-11-18 18:31:37"
https://youtube.com/,,2,1763490697068725,"2025-11-18 18:31:37"
http://youtube.com/,,2,1763490697053344,"2025-11-18 18:31:37"
https://www.amazon.com/b/?_encoding=UTF8&node=210963842011&redirectionContext=%7B%22asins%22%3A%22B0DQRH6LR4%2CB0BT38PTX7%22%2C%22filters%22%3A%7B%22p_n_condition-type%22%3A%226461716011%22%2C%22p_n_availability%22%3A%222661600011%22%7D%7D&pd_rd_w=uKfBg&content-id=amzn1.sym.872ef3c3-0a7c-42a3-b676-c571c59e261e&pf_rd_p=872ef3c3-0a7c-42a3-b676-c571c59e261e&pf_rd_r=8QR5FG8Z8WXG8975T4V2&pd_rd_wg=23E7F&pd_rd_r=6d3f4134-d757-409c-9fa9-f0aed94eb80e&ref_=pd_hp_d_atf_unk#dossier-asin-grid,"Amazon.com: For Him",1,1763490692231443,"2025-11-18 18:31:32"
https://www.google.com/?zx=1763483762984&no_sw_cr=1,Google,1,1763483762994908,"2025-11-18 16:36:02"
https://github.com/,"GitHub · Change is constant. GitHub keeps you ahead. · GitHub",1,1763483755560806,"2025-11-18 16:35:55"
http://github.com/,,1,1763483755425627,"2025-11-18 16:35:55"
https://www.youtube.com/?themeRefresh=1,YouTube,1,1763483745445091,"2025-11-18 16:35:45"
https://my.illinoisstate.edu/academics,"Academics | My Illinois State",1,1763483714190596,"2025-11-18 16:35:14"
https://login.microsoftonline.com/085f983a-0b69-4270-b71d-10695076bafe/saml2?SAMLRequest=hZLNbtswEIRfReBdokRHtEVYDtwYRQ0kjREpPeQSUNQqJkCRLpdK2rcv458ivaRHgrvf7szs8vrXaJJX8KidrUmR5SQBq1yv7UtNHtuv6YJcr5YoR8MOYj2FvX2AnxNgSGKjRXH6qcnkrXASNQorR0ARlGjWd7eCZbk4eBeccoYka0TwIY66cRanEXwD%2FlUreHy4rck%2BhAMKShFdpo3R1mnEIANk0E9U9wcaQYM2QI970Hc%2Bo7v7pqVNc0%2BSTdxKWxmOSi4w4160zUatvEM3BGcjFzLlRpovyqFazGSad7xKr9g8T7t50adFzqsyn%2FNODkCP8kiy3dTkmQ9zWfXloORMXc3iQ5Wd5B1INauAMx7LECfY2ri0DTVhOSvTokiLRVtwwQrBeFZV7Ikku7MhX7Q9Gf2Ze92pCMW3tt2l73JJ8uMSWCwg53jEcbr%2FmMvnYHkJg6z%2Bbz3uddc5A2G%2FpB%2FH%2Fb2N75G%2F3eyc0ep3sjbGvd14iISaBD8Boatz379XtPoD&RelayState=e1s2,"Sign in to your account",1,1763482887228286,"2025-11-18 16:21:27"
https://sso.illinoisstate.edu/idp/profile/SAML2/Redirect/SSO?SAMLRequest=jZFfS8MwFMW%2FSsn7liZr0y2sheJeBhOhVR98i%2BkdC7RJzU1Fv71pRZwg4tv9w%2B9wzr17VEM%2FynoKF9vAywQYkrehtyiXRUkmb6VTaFBaNQDKoGVb354kX6dy9C447XpyhfxNKETwwThLkuOhJN0uywvOd%2Flmw7ZM7IrsrEWRsVSkgotOPxegRKo6kjyCx4iVJKpEFnGCo8WgbIijlOcrxlZse8%2BE5Exy8USSQ4xirAoLdQlhREkpolubvjfWGYx0gDV0EzXdSGOWs%2BmBzlY5baAzHnSgbXtHkvrL9Y2zOA3gW%2FCvRsNDc%2FqWHt5%2FUVbxrnQ%2BC1UaSbWfS7m499X%2FwD29Zj67n%2F%2BqPgA%3D&RelayState=%2F&SigAlg=http%3A%2F%2Fwww.w3.org%2F2001%2F04%2Fxmldsig-more%23rsa-sha256&Signature=pVqRQmkfopvSwOhUIxDLd1i0L62Pt0cPZISu8KrgrJtmqqi%2FhAsMsQ7%2B5oEgObTajIdC7%2FUAJT54kroiQdXBJGQI0dekTcRVaSNp0tBGOpge%2F1IijRchQSrT7gAm%2B9RJqXP6fzBTZpYHWw9Yrt75ta6ipJ4062vnnBZ9WjWFXOdRkVMVYEUxB8JKgChwNAAvbGfgcK8j0dv6a7fZQwuvMRSqOeoo5yuw1QnowNsnOKGb25bcdXFjG0b0NSJnGMTPJ4Vt%2B3Y1OuX%2BgxeSTBg5Hc4HvGQq5Ds7cpbohboByEOx22R5JQCabRzvL2hIgwJjFKjQRpjttOxUS13nUzcGYQ%3D%3D,,1,1763482886701643,"2025-11-18 16:21:26"
https://www.google.com/search?client=ubuntu-sn&channel=fs&q=myisu,"myisu - Google Search",1,1763482882989671,"2025-11-18 16:21:22"
https://www.google.com/search?q=amazon.com&sca_esv=5a1ec5f7868eb06c&source=hp&ei=75wcadzzJK_Np84P162N2AE&iflsig=AOw8s4IAAAAAaRyq_1kKywyfLRU7bULyLgPdtKhyU2ke&ved=0ahUKEwicp5zNjfyQAxWv5skDHddWAxsQ4dUDCBA&uact=5&oq=amazon.com&gs_lp=Egdnd3Mtd2l6IgphbWF6b24uY29tMgsQLhiABBjRAxjHATIPEAAYgAQYsQMYgwEYChgLMgUQABiABDIFEAAYgAQyBRAAGIAEMgUQABiABDIFEAAYgAQyBRAAGIAEMgwQABiABBixAxgKGAsyDxAAGIAEGLEDGIMBGAoYC0i9FFCeBlirEnABeACQAQGYAaEFoAGkD6oBCzYuMS4wLjEuMS4xuAEDyAEA-AEBmAIKoALnCqgCCsICEBAAGIAEGEMYtAIYigUY6gLCAhoQABiABBi0AhjUAxjlAhi3AxiKBRjqAhiKA8ICIBAuGIAEGNEDGLQCGNQDGOUCGMcBGLcDGIoFGOoCGIoDwgIWEC4YgAQYsQMY0QMYQxiDARjHARiKBcICEBAAGIAEGLEDGEMYgwEYigXCAgoQABiABBhDGIoFwgIREC4YgAQYsQMY0QMYgwEYxwHCAhkQLhiABBixAxjRAxhDGIMBGMcBGMkDGIoFwgIIEAAYgAQYsQPCAgsQABiABBiSAxiKBcICCxAAGIAEGLEDGIMBmAMP8QVX15K3ygfeJpIHCTcuMS4wLjEuMaAH8VOyBwk2LjEuMC4xLjG4B9gKwgcJMC4yLjUuMi4xyAdH&sclient=gws-wiz,"amazon.com - Google Search",1,1763482868561699,"2025-11-18 16:21:08"
https://www.google.com/?zx=1763482865384&no_sw_cr=1,Google,1,1763482865412720,"2025-11-18 16:21:05"
https://www.google.com/search?client=ubuntu-sn&channel=fs&q=google&sei=7JwcabLIIs-X5OMPrcHu0QY,"google - Google Search",1,1763482861078505,"2025-11-18 16:21:01"
https://www.google.com/search?client=ubuntu-sn&channel=fs&q=google,"Google Search",1,1763482860694436,"2025-11-18 16:21:00"
https://www.mozilla.org/en-US/privacy/firefox/,"Firefox Privacy Notice — Mozilla",1,1754426426743518,"2025-08-05 20:40:26"
https://www.mozilla.org/firefox/?utm_medium=firefox-desktop&utm_source=bookmarks-toolbar&utm_campaign=new-users&utm_content=-global,,0,,
https://www.mozilla.org/about/,,0,,
https://www.mozilla.org/contribute/,,0,,
https://support.mozilla.org/kb/customize-firefox-controls-buttons-and-toolbars?utm_source=firefox-browser&utm_medium=default-bookmarks&utm_campaign=customize,,0,,
https://support.mozilla.org/products/firefox,,0,,
